"","treatment","period","sd","mean","median","IQR","n","se","ci"
"1","allchange","D2Nramp",0.695200512407521,7.54573035616964,7.61997007144326,0.899993471276526,166,0.0539580243176409,0.105757727662576
"2","allchange","day",0.899952105793217,5.01256238587406,4.71081275211907,0.821111536059866,4802,0.0129869844234591,0.0254544894699799
"3","allchange","night",0.362502768560173,8.37389170485499,8.4504803389502,0.245667755128931,2842,0.00679984934877284,0.0133277047235948
"4","current","D2Nramp",0.560394280320472,8.3337837681364,8.42259983482236,0.895811689752829,135,0.0482310603331351,0.0945328782529447
"5","current","day",1.06148664349026,6.07716781214538,5.67474583901676,0.901018275070841,3849,0.0171096284405874,0.0335348717435513
"6","current","night",0.436911474271415,8.79898049605305,8.91505383783577,0.259654412952603,2285,0.00914008739166982,0.0179145712876729
"7","hightemperature","D2Nramp",0.502553156898662,8.18626263186415,8.28105042784415,0.699788168846021,86,0.0541917005905254,0.10621573315743
"8","hightemperature","day",0.816148093405614,5.65807172582423,5.505228,0.623725739627869,2607,0.0159844778750542,0.0313295766351062
"9","hightemperature","night",0.197004247417935,8.57537702280378,8.58565676873584,0.204390746590921,1501,0.00508493310058054,0.00996646887713786
