"","treatment","period","sd","mean","median","IQR","n","se","ci"
"1","allchange","D2Nramp",NA,NA,NA,NA,3,NA,NA
"2","allchange","day",0.0520146411824272,7.52669319696226,7.524427013,0.0449759599999995,55,0.00701365278625346,0.0137467594610568
"3","allchange","night",0.0395872879675199,7.57137994514894,7.569659974,0.0443262965000004,47,0.00577439942280699,0.0113178228687017
"4","current","D2Nramp",NA,NA,NA,NA,3,NA,NA
"5","current","day",0.0533268845533644,7.66043181047917,7.6785871385,0.0868604880000001,48,0.00769707278798226,0.0150862626644452
"6","current","night",0.106062713083957,7.70904924711111,7.716874722,0.0646989250000001,45,0.0158108957555857,0.0309893556809479
"7","hightemperature","D2Nramp",NA,NA,NA,NA,2,NA,NA
"8","hightemperature","day",0.0698492996135295,7.59137546148387,7.593014187,0.063503066,31,0.0125453045534467,0.0245887969247554
"9","hightemperature","night",0.0456325193598484,7.6320822895,7.64321154,0.0530576937499996,24,0.00931469900910863,0.0182568100578529
